<?xml version="1.0" encoding="UTF-8" standalone="yes"?>
<addon id="plugin.video.black"
       name="Black Addon"
       version="1.1.2"
       provider-name="HerrWolf">
  <requires>
    <import addon="xbmc.python" version="2.1.0"/>
    <import addon="script.module.beautifulsoup" version="3.2.1"/>
    <import addon="script.module.simple.downloader" version="0.9.4"/>
    <import addon="script.module.beautifulsoup4" />
    <import addon="script.module.requests" />
    <import addon="script.module.httplib2" />
    <import addon="script.module.youtube.dl" optional="true"/>
    <import addon="plugin.video.youtube" />
    <import addon="script.module.urlresolver" optional="true"/>
    <import addon="script.module.simplejson" />    
  </requires>
  <extension point="xbmc.python.pluginsource" library="default.py">
    <provides>video</provides>
  </extension>
  <extension point="xbmc.addon.metadata">
    <summary>Basado en LiveStreamsPro</summary>
    <description>Entretenimiento en español - Creditos: Mocteam, Ricsa, Lenny, Gama, Dj Dorok, Whopy, Menny, Bender, Barney, Eric El cremas, HerrWolf y un agradecimiento muy especial al Sr. Atlas, sin su trabajo nada de esto hubiera sido posible
        
        
    </description>
    <platform>all</platform>
  </extension>
</addon>
