
<?xml version="1.0" encoding="UTF-8" standalone="yes"?>
<addon id="repository.mocteam_repo" name="MocTeam official Repo" version="1.1.0" provider-name="MocTeam">
	<extension point="xbmc.addon.repository" name="MocTeam official Repo">
		<info compressed="false">https://raw.githubusercontent.com/HerrWolf/mocteam_repo/master/addons.xml</info>
		<checksum>https://raw.githubusercontent.com/HerrWolf/mocteam_repo/master/addons.xml.md5</checksum>
		<datadir zip="true">https://raw.githubusercontent.com/HerrWolf/mocteam_repo/master</datadir>
	</extension>
	<extension point="xbmc.addon.metadata">
		<summary>MocTeam official Repo</summary>
   		<description lang="en">Instala los Addons de MocTeam.</description>
		<disclaimer></disclaimer>
		<platform>all</platform>
	</extension>
</addon>